{"metadata":{"asset_id":"c6eb5a79-ae16-4336-b105-457ce43a13e9","asset_attributes":["notebook"],"name":"Machine Learning Prediction lab","asset_type":"notebook","created_at":"2021-11-20T02:28:35Z","description":"","origin_country":"us","owner_id":"IBMid-66100253AM","project_id":"bad7aa8f-b4c0-4e06-8fb4-6d8171e48390","size":677718,"tags":["notebook"],"usage":{"last_update_time":1637465258724,"last_updated_at":"2021-11-21T03:27:38Z"}},"entity":{"notebook":{"kernel":{"name":"python3","display_name":"Python 3.8","language":"python"},"originates_from":{"type":"blank"},"runtime":{"environment":"conda2py38-bad7aa8f-b4c0-4e06-8fb4-6d8171e48390"}}},"attachments":[{"id":"daf15cdc-65c7-4e6b-b7b8-3de12975174d","version":2,"asset_type":"notebook","name":"attachment for notebook c6eb5a79-ae16-4336-b105-457ce43a13e9","description":"attachment for notebook c6eb5a79-ae16-4336-b105-457ce43a13e9","mime":"application/json","datasource_type":"193a97c1-4475-4a19-b90c-295c4fdc6517","object_key":"notebook/Machine_Learning_Prediction_lab_WdMENbNE-.ipynb","creator_id":"IBMid-66100253AM","create_time":1637375316384,"size":677718,"is_remote":false,"is_managed":false,"is_referenced":true,"is_object_key_read_only":false,"is_user_provided_path_key":true,"transfer_complete":true,"is_partitioned":false,"complete_time_ticks":1637375316384,"user_data":{},"test_doc":0,"handle":{"bucket":"pythonbasicsfordatascienceproject-donotdelete-pr-5aeteycwrwsdsw","location":"us-geo","key":"notebook/Machine_Learning_Prediction_lab_WdMENbNE-.ipynb","upload_id":"done","max_part_num":1},"usage":{"access_count":23,"last_accessor_id":"IBMid-66100253AM","last_access_time":1637465258723,"last_updater_id":"IBMid-66100253AM","last_update_time":1637465258723}}]}
