{"metadata":{"asset_id":"72ea0ed8-8d2f-4478-ace9-34911be7b0a7","asset_attributes":["notebook"],"name":"Interactive Visual Analytics with Folium lab","asset_type":"notebook","created_at":"2021-11-16T02:53:01Z","description":"","origin_country":"us","owner_id":"IBMid-66100253AM","project_id":"bad7aa8f-b4c0-4e06-8fb4-6d8171e48390","size":55611,"tags":["notebook"],"usage":{"last_update_time":1637200651292,"last_updated_at":"2021-11-18T01:57:31Z"}},"entity":{"notebook":{"kernel":{"name":"python3","display_name":"Python 3.8","language":"python"},"originates_from":{"type":"blank"},"runtime":{"environment":"conda2py38-bad7aa8f-b4c0-4e06-8fb4-6d8171e48390"}}},"attachments":[{"id":"9b0338b0-f053-4378-9d06-1d6bc951d0c2","version":2,"asset_type":"notebook","name":"attachment for notebook 72ea0ed8-8d2f-4478-ace9-34911be7b0a7","description":"attachment for notebook 72ea0ed8-8d2f-4478-ace9-34911be7b0a7","mime":"application/json","datasource_type":"193a97c1-4475-4a19-b90c-295c4fdc6517","object_key":"notebook/Interactive_Visual_Analytics_with_Folium_lab__R7BTz3BC.ipynb","creator_id":"IBMid-66100253AM","create_time":1637031181872,"size":55611,"is_remote":false,"is_managed":false,"is_referenced":true,"is_object_key_read_only":false,"is_user_provided_path_key":true,"transfer_complete":true,"is_partitioned":false,"complete_time_ticks":1637031181872,"user_data":{},"test_doc":0,"handle":{"bucket":"pythonbasicsfordatascienceproject-donotdelete-pr-5aeteycwrwsdsw","location":"us-geo","key":"notebook/Interactive_Visual_Analytics_with_Folium_lab__R7BTz3BC.ipynb","upload_id":"done","max_part_num":1},"usage":{"access_count":2,"last_accessor_id":"IBMid-66100253AM","last_access_time":1637200651290,"last_updater_id":"IBMid-66100253AM","last_update_time":1637200651290}}]}
