{"metadata":{"asset_id":"1c07a193-8ea8-4b90-a72b-ed427a2c8626","asset_attributes":["notebook"],"name":"EDA with Visualization Lab","asset_type":"notebook","created_at":"2021-11-15T23:17:42Z","description":"","origin_country":"us","owner_id":"IBMid-66100253AM","project_id":"bad7aa8f-b4c0-4e06-8fb4-6d8171e48390","size":142157,"tags":["notebook"],"usage":{"last_update_time":1637461961590,"last_updated_at":"2021-11-21T02:32:41Z"}},"entity":{"notebook":{"kernel":{"name":"python3","display_name":"Python 3.8","language":"python"},"originates_from":{"type":"blank"},"runtime":{"environment":"conda2py38-bad7aa8f-b4c0-4e06-8fb4-6d8171e48390"}}},"attachments":[{"id":"cf491e80-eae5-4b73-95a9-a4fa7eceddf2","version":2,"asset_type":"notebook","name":"attachment for notebook 1c07a193-8ea8-4b90-a72b-ed427a2c8626","description":"attachment for notebook 1c07a193-8ea8-4b90-a72b-ed427a2c8626","mime":"application/json","datasource_type":"193a97c1-4475-4a19-b90c-295c4fdc6517","object_key":"notebook/EDA_with_Visualization_Lab_hTGTWiD9p.ipynb","creator_id":"IBMid-66100253AM","create_time":1637018265314,"size":142157,"is_remote":false,"is_managed":false,"is_referenced":true,"is_object_key_read_only":false,"is_user_provided_path_key":true,"transfer_complete":true,"is_partitioned":false,"complete_time_ticks":1637018265314,"user_data":{},"test_doc":0,"handle":{"bucket":"pythonbasicsfordatascienceproject-donotdelete-pr-5aeteycwrwsdsw","location":"us-geo","key":"notebook/EDA_with_Visualization_Lab_hTGTWiD9p.ipynb","upload_id":"done","max_part_num":1},"usage":{"access_count":71,"last_accessor_id":"IBMid-66100253AM","last_access_time":1637461895860,"last_updater_id":"IBMid-66100253AM","last_update_time":1637461895860}}]}
