{"metadata":{"asset_id":"93db159f-88b9-4719-94c4-faaee0182c2a","asset_attributes":["notebook"],"name":"EDA with SQL lab","asset_type":"notebook","created_at":"2021-10-23T01:14:52Z","description":"","origin_country":"us","owner_id":"IBMid-66100253AM","project_id":"bad7aa8f-b4c0-4e06-8fb4-6d8171e48390","size":20117,"tags":["notebook"],"usage":{"last_update_time":1637020013753,"last_updated_at":"2021-11-15T23:46:53Z"}},"entity":{"notebook":{"kernel":{"name":"python3","display_name":"Python 3.8","language":"python"},"originates_from":{"type":"blank"},"runtime":{"environment":"conda2py38-bad7aa8f-b4c0-4e06-8fb4-6d8171e48390"}}},"attachments":[{"id":"68b9c07b-6ad0-4ba7-8b11-85e8bd1f3a75","version":2,"asset_type":"notebook","name":"attachment for notebook 93db159f-88b9-4719-94c4-faaee0182c2a","description":"attachment for notebook 93db159f-88b9-4719-94c4-faaee0182c2a","mime":"application/json","datasource_type":"193a97c1-4475-4a19-b90c-295c4fdc6517","object_key":"notebook/EDA_with_SQL_lab_iihmTJ0qf.ipynb","creator_id":"IBMid-66100253AM","create_time":1634951692782,"size":20117,"is_remote":false,"is_managed":false,"is_referenced":true,"is_object_key_read_only":false,"is_user_provided_path_key":true,"transfer_complete":true,"is_partitioned":false,"complete_time_ticks":1634951692782,"user_data":{},"test_doc":0,"handle":{"bucket":"pythonbasicsfordatascienceproject-donotdelete-pr-5aeteycwrwsdsw","location":"us-geo","key":"notebook/EDA_with_SQL_lab_iihmTJ0qf.ipynb","upload_id":"done","max_part_num":1},"usage":{"access_count":33,"last_accessor_id":"IBMid-66100253AM","last_access_time":1637019974571,"last_updater_id":"IBMid-66100253AM","last_update_time":1637019974571}}]}
