{"metadata":{"asset_id":"fbb034e1-90e1-40ec-b940-c5bcd0367834","asset_attributes":["notebook"],"name":"Data Collection API Lab","asset_type":"notebook","created_at":"2021-10-11T11:05:02Z","description":"","origin_country":"us","owner_id":"IBMid-66100253AM","project_id":"bad7aa8f-b4c0-4e06-8fb4-6d8171e48390","size":18515,"tags":["notebook"],"usage":{"last_update_time":1634696375210,"last_updated_at":"2021-10-20T02:19:35Z"}},"entity":{"notebook":{"kernel":{"name":"python3","display_name":"Python 3.7","language":"python"},"originates_from":{"type":"blank"},"runtime":{"environment":"premium2py37oce-bad7aa8f-b4c0-4e06-8fb4-6d8171e48390"}}},"attachments":[{"id":"f6205c11-9bdf-404d-b1f7-38f83e80f6b6","version":2,"asset_type":"notebook","name":"attachment for notebook fbb034e1-90e1-40ec-b940-c5bcd0367834","description":"attachment for notebook fbb034e1-90e1-40ec-b940-c5bcd0367834","mime":"application/json","datasource_type":"193a97c1-4475-4a19-b90c-295c4fdc6517","object_key":"notebook/Data_Collection_API_Lab_x_aS_v-D4.ipynb","creator_id":"IBMid-66100253AM","create_time":1633950302785,"size":18515,"is_remote":false,"is_managed":false,"is_referenced":true,"is_object_key_read_only":false,"is_user_provided_path_key":true,"transfer_complete":true,"is_partitioned":false,"complete_time_ticks":1633950302785,"user_data":{},"test_doc":0,"handle":{"bucket":"pythonbasicsfordatascienceproject-donotdelete-pr-5aeteycwrwsdsw","location":"us-geo","key":"notebook/Data_Collection_API_Lab_x_aS_v-D4.ipynb","upload_id":"done","max_part_num":1},"usage":{"access_count":0,"last_accessor_id":"IBMid-66100253AM","last_access_time":1633950302785}}]}
