{"metadata":{"asset_id":"9a888f4a-c03c-45d5-9c5b-6623464b267b","asset_attributes":["notebook"],"name":"Data Wranling - EDA Lab","asset_type":"notebook","created_at":"2021-10-22T03:23:27Z","description":"","origin_country":"us","owner_id":"IBMid-66100253AM","project_id":"bad7aa8f-b4c0-4e06-8fb4-6d8171e48390","size":17246,"tags":["notebook"],"usage":{"last_update_time":1634874865307,"last_updated_at":"2021-10-22T03:54:25Z"}},"entity":{"notebook":{"kernel":{"name":"python3","display_name":"Python 3.8","language":"python"},"originates_from":{"type":"blank"},"runtime":{"environment":"conda2py38-bad7aa8f-b4c0-4e06-8fb4-6d8171e48390"}}},"attachments":[{"id":"22552ad2-fbde-4ad1-bf58-d75e0db66be8","version":2,"asset_type":"notebook","name":"attachment for notebook 9a888f4a-c03c-45d5-9c5b-6623464b267b","description":"attachment for notebook 9a888f4a-c03c-45d5-9c5b-6623464b267b","mime":"application/json","datasource_type":"193a97c1-4475-4a19-b90c-295c4fdc6517","object_key":"notebook/Data_Wranling_-_EDA_Lab_lDerP1-Gw.ipynb","creator_id":"IBMid-66100253AM","create_time":1634873008009,"size":17246,"is_remote":false,"is_managed":false,"is_referenced":true,"is_object_key_read_only":false,"is_user_provided_path_key":true,"transfer_complete":true,"is_partitioned":false,"complete_time_ticks":1634873008009,"user_data":{},"test_doc":0,"handle":{"bucket":"pythonbasicsfordatascienceproject-donotdelete-pr-5aeteycwrwsdsw","location":"us-geo","key":"notebook/Data_Wranling_-_EDA_Lab_lDerP1-Gw.ipynb","upload_id":"done","max_part_num":1},"usage":{"access_count":0,"last_accessor_id":"IBMid-66100253AM","last_access_time":1634873008009}}]}
