{"metadata":{"asset_id":"86000950-51f7-442c-a509-5aa946cb8cdc","asset_attributes":["notebook"],"name":"Data Collection with Web Scraping","asset_type":"notebook","created_at":"2021-10-11T11:06:56Z","description":"","origin_country":"us","owner_id":"IBMid-66100253AM","project_id":"bad7aa8f-b4c0-4e06-8fb4-6d8171e48390","size":16791,"tags":["notebook"],"usage":{"last_update_time":1634696305488,"last_updated_at":"2021-10-20T02:18:25Z"}},"entity":{"notebook":{"kernel":{"name":"python3","display_name":"Python 3.7","language":"python"},"originates_from":{"type":"blank"},"runtime":{"environment":"premium2py37oce-bad7aa8f-b4c0-4e06-8fb4-6d8171e48390"}}},"attachments":[{"id":"4c3b4352-5645-483c-9f26-12f6daa0f496","version":2,"asset_type":"notebook","name":"attachment for notebook 86000950-51f7-442c-a509-5aa946cb8cdc","description":"attachment for notebook 86000950-51f7-442c-a509-5aa946cb8cdc","mime":"application/json","datasource_type":"193a97c1-4475-4a19-b90c-295c4fdc6517","object_key":"notebook/Data_Collection_with_Web_Scraping_2tCoh6eqc.ipynb","creator_id":"IBMid-66100253AM","create_time":1633950417009,"size":16791,"is_remote":false,"is_managed":false,"is_referenced":true,"is_object_key_read_only":false,"is_user_provided_path_key":true,"transfer_complete":true,"is_partitioned":false,"complete_time_ticks":1633950417009,"user_data":{},"test_doc":0,"handle":{"bucket":"pythonbasicsfordatascienceproject-donotdelete-pr-5aeteycwrwsdsw","location":"us-geo","key":"notebook/Data_Collection_with_Web_Scraping_2tCoh6eqc.ipynb","upload_id":"done","max_part_num":1},"usage":{"access_count":0,"last_accessor_id":"IBMid-66100253AM","last_access_time":1633950417009}}]}
