{"metadata":{"asset_id":"f0d4c4f0-a1e3-4a20-a449-01db9de5617f","asset_attributes":["notebook"],"name":"Final_notebook_1","asset_type":"notebook","created_at":"2021-10-10T23:13:42Z","description":"","origin_country":"us","owner_id":"IBMid-66100253AM","project_id":"bad7aa8f-b4c0-4e06-8fb4-6d8171e48390","size":207,"tags":["notebook"],"usage":{"last_update_time":1633907754337,"last_updated_at":"2021-10-10T23:15:54Z"}},"entity":{"notebook":{"kernel":{"name":"python3","display_name":"Python 3.7","language":"python"},"originates_from":{"type":"blank"},"runtime":{"environment":"conda2py37oce-bad7aa8f-b4c0-4e06-8fb4-6d8171e48390"}}},"attachments":[{"id":"b495c3f6-a37e-477d-948e-055a6c50ae35","version":2,"asset_type":"notebook","name":"attachment for notebook f0d4c4f0-a1e3-4a20-a449-01db9de5617f","description":"attachment for notebook f0d4c4f0-a1e3-4a20-a449-01db9de5617f","mime":"application/json","datasource_type":"193a97c1-4475-4a19-b90c-295c4fdc6517","object_key":"notebook/Final_notebook_1_gSDG9tfwj.ipynb","creator_id":"IBMid-66100253AM","create_time":1633907622785,"size":207,"is_remote":false,"is_managed":false,"is_referenced":true,"is_object_key_read_only":false,"is_user_provided_path_key":true,"transfer_complete":true,"is_partitioned":false,"complete_time_ticks":1633907622785,"user_data":{},"test_doc":0,"handle":{"bucket":"pythonbasicsfordatascienceproject-donotdelete-pr-5aeteycwrwsdsw","location":"us-geo","key":"notebook/Final_notebook_1_gSDG9tfwj.ipynb","upload_id":"done","max_part_num":1},"usage":{"access_count":0,"last_accessor_id":"IBMid-66100253AM","last_access_time":1633907622785}}]}
